{
  "language": "Punjabi",
  "best_model": "Gradient Boosting",
  "results": {
    "Random Forest": {
      "cv_mean": 0.9341,
      "cv_std": 0.0072,
      "test_acc": 0.9451,
      "fold_scores": [
        0.9283667621776505,
        0.9283667621776505,
        0.9398280802292264,
        0.9283667621776505,
        0.9455587392550143
      ]
    },
    "XGBoost": {
      "cv_mean": 0.9347,
      "cv_std": 0.0066,
      "test_acc": 0.9451,
      "fold_scores": [
        0.9283667621776505,
        0.9283667621776505,
        0.9426934097421203,
        0.9312320916905444,
        0.9426934097421203
      ]
    },
    "Gradient Boosting": {
      "cv_mean": 0.9433,
      "cv_std": 0.0061,
      "test_acc": 0.9359,
      "fold_scores": [
        0.9340974212034384,
        0.9398280802292264,
        0.9426934097421203,
        0.9484240687679083,
        0.9512893982808023
      ]
    }
  },
  "n_symptoms": 183,
  "n_diseases": 4,
  "train_size": 1745,
  "test_size": 437,
  "data_source": "Punjabi dataset — 4 merged classes, all rows used",
  "class_report": {
    "Avascular Necrosis": {
      "precision": 0.9841897233201581,
      "recall": 0.9920318725099602,
      "f1-score": 0.9880952380952381,
      "support": 251.0
    },
    "Hip & Bone Fracture": {
      "precision": 0.9090909090909091,
      "recall": 0.9803921568627451,
      "f1-score": 0.9433962264150944,
      "support": 51.0
    },
    "Osteoarthritis": {
      "precision": 0.8589743589743589,
      "recall": 0.9305555555555556,
      "f1-score": 0.8933333333333333,
      "support": 72.0
    },
    "Other Orthopaedic": {
      "precision": 0.8431372549019608,
      "recall": 0.6825396825396826,
      "f1-score": 0.7543859649122807,
      "support": 63.0
    },
    "accuracy": 0.9359267734553776,
    "macro avg": {
      "precision": 0.8988480615718467,
      "recall": 0.8963798168669859,
      "f1-score": 0.8948026906889867,
      "support": 437.0
    },
    "weighted avg": {
      "precision": 0.9344600865491384,
      "recall": 0.9359267734553776,
      "f1-score": 0.9335730620104079,
      "support": 437.0
    }
  },
  "cv_mean": 0.9433,
  "cv_std": 0.0061,
  "test_accuracy": 0.9359
}