{
  "best_model": "Random Forest",
  "results": {
    "Random Forest": {
      "cv_mean": 0.9799,
      "cv_std": 0.0081,
      "test_acc": 0.9725,
      "fold_scores": [
        0.9828080229226361,
        0.9713467048710601,
        0.9742120343839542,
        0.994269340974212,
        0.9770773638968482
      ]
    },
    "Gradient Boosting": {
      "cv_mean": 0.9788,
      "cv_std": 0.0082,
      "test_acc": 0.9703,
      "fold_scores": [
        0.9799426934097422,
        0.9713467048710601,
        0.9742120343839542,
        0.994269340974212,
        0.9742120343839542
      ]
    },
    "XGBoost": {
      "cv_mean": 0.9799,
      "cv_std": 0.0087,
      "test_acc": 0.9725,
      "fold_scores": [
        0.9856733524355301,
        0.9713467048710601,
        0.9742120343839542,
        0.994269340974212,
        0.9742120343839542
      ]
    }
  },
  "n_symptoms": 159,
  "n_diseases": 4,
  "train_size": 1745,
  "test_size": 437,
  "data_source": "BERT dataset — 4 classes, all 2182 rows used",
  "class_report": {
    "Avascular Necrosis": {
      "precision": 0.984,
      "recall": 0.968503937007874,
      "f1-score": 0.9761904761904762,
      "support": 254.0
    },
    "Hip & Bone Fracture": {
      "precision": 0.9836065573770492,
      "recall": 0.9523809523809523,
      "f1-score": 0.967741935483871,
      "support": 63.0
    },
    "Osteoarthritis": {
      "precision": 1.0,
      "recall": 1.0,
      "f1-score": 1.0,
      "support": 81.0
    },
    "Other Orthopaedic": {
      "precision": 0.8444444444444444,
      "recall": 0.9743589743589743,
      "f1-score": 0.9047619047619048,
      "support": 39.0
    },
    "accuracy": 0.9725400457665904,
    "macro avg": {
      "precision": 0.9530127504553735,
      "recall": 0.9738109659369502,
      "f1-score": 0.962173579109063,
      "support": 437.0
    },
    "weighted avg": {
      "precision": 0.9744543396981407,
      "recall": 0.9725400457665904,
      "f1-score": 0.9730110690470918,
      "support": 437.0
    }
  },
  "cv_mean": 0.9799,
  "cv_std": 0.0081,
  "test_accuracy": 0.9725,
  "final_interactive_acc": 0.9833,
  "avg_questions_asked": 1.75,
  "seed_symptoms": 2,
  "interactive_d1_steps": [
    0,
    1,
    2,
    3,
    4,
    5
  ],
  "interactive_d1_confidence": [
    72.6035,
    65.87285714285714,
    65.87285714285714,
    65.87285714285714,
    65.87285714285714,
    65.87285714285714
  ],
  "interactive_d2_thresholds": {
    "0.6": 0.5333333333333333,
    "0.7": 2.8,
    "0.8": 6.533333333333333,
    "0.9": 8.0
  },
  "interactive_models": {
    "Random Forest": {
      "d1_steps": [
        0,
        1,
        2,
        3,
        4,
        5
      ],
      "d1_confidence": [
        72.6035,
        65.87285714285714,
        65.87285714285714,
        65.87285714285714,
        65.87285714285714,
        65.87285714285714
      ],
      "d2_thresholds": {
        "0.6": 0.5333333333333333,
        "0.7": 2.8,
        "0.8": 6.533333333333333,
        "0.9": 8.0
      },
      "final_acc": 0.9833,
      "avg_questions": 1.75
    },
    "Gradient Boosting": {
      "d1_steps": [
        0,
        1,
        2,
        3,
        4,
        5
      ],
      "d1_confidence": [
        91.3685,
        56.603333333333325,
        56.603333333333325,
        56.603333333333325,
        56.603333333333325,
        56.603333333333325
      ],
      "d2_thresholds": {
        "0.6": 0.26666666666666666,
        "0.7": 0.4,
        "0.8": 0.6666666666666666,
        "0.9": 3.3333333333333335
      },
      "final_acc": 0.7833,
      "avg_questions": 0.25
    },
    "XGBoost": {
      "d1_steps": [
        0,
        1,
        2,
        3,
        4,
        5
      ],
      "d1_confidence": [
        86.899,
        54.30500000000001,
        54.30500000000001,
        54.30500000000001,
        54.30500000000001,
        54.30500000000001
      ],
      "d2_thresholds": {
        "0.6": 0.4,
        "0.7": 0.5333333333333333,
        "0.8": 1.2,
        "0.9": 4.0
      },
      "final_acc": 0.95,
      "avg_questions": 0.33
    }
  }
}